id,firstName,lastName,maidenName,age,gender,email,phone,username,password,birthDate,image,bloodGroup,height,weight,eyeColor,hair,domain,ip,address,macAddress,university,bank,company,ein,ssn,userAgent
1,Terry,Medhurst,Smitham,50,male,atuny0@sohu.com,+63 791 675 8914,atuny0,9uQFF1Lh,2000-12-25,https://robohash.org/hicveldicta.png,A−,189,75.4,Green,[object Object],slashdot.org,117.29.86.254,[object Object],13:69:BA:56:A3:74,Capitol University,[object Object],[object Object],20-9487066,661-64-2976,"Mozilla/5.0 (Windows NT 6.1) AppleWebKit/534.24 (KHTML, like Gecko) Chrome/12.0.702.0 Safari/534.24"
2,Sheldon,Quigley,Cole,28,male,hbingley1@plala.or.jp,+7 813 117 7139,hbingley1,CQutx25i8r,2003-08-02,https://robohash.org/doloremquesintcorrupti.png,O+,187,74,Brown,[object Object],51.la,253.240.20.181,[object Object],13:F1:00:DA:A4:12,Stavropol State Technical University,[object Object],[object Object],52-5262907,447-08-9217,"Mozilla/5.0 (X11; Linux x86_64) AppleWebKit/534.30 (KHTML, like Gecko) Ubuntu/11.04 Chromium/12.0.742.112 Chrome/12.0.742.112 Safari/534.30"
3,Terrill,Hills,Hoeger,38,male,rshawe2@51.la,+63 739 292 7942,rshawe2,OWsTbMUgFc,1992-12-30,https://robohash.org/consequunturautconsequatur.png,A−,200,105.3,Gray,[object Object],earthlink.net,205.226.160.3,[object Object],F2:88:58:64:F7:76,University of Cagayan Valley,[object Object],[object Object],48-3951994,633-89-1926,Mozilla/5.0 (Windows NT 6.2; Win64; x64; rv:21.0.0) Gecko/20121011 Firefox/21.0.0
4,Miles,Cummerata,Maggio,49,male,yraigatt3@nature.com,+86 461 145 4186,yraigatt3,sRQxjPfdS,1969-01-16,https://robohash.org/facilisdignissimosdolore.png,B+,157,95.9,Gray,[object Object],homestead.com,243.20.78.113,[object Object],03:45:58:59:5A:7B,Shenyang Pharmaceutical University,[object Object],[object Object],71-3644334,487-28-6642,"Mozilla/5.0 (Windows NT 6.2; WOW64) AppleWebKit/537.11 (KHTML, like Gecko) Chrome/23.0.1271.17 Safari/537.11"
5,Mavis,Schultz,Yundt,38,male,kmeus4@upenn.edu,+372 285 771 1911,kmeus4,aUTdmmmbH,1968-11-03,https://robohash.org/adverovelit.png,O+,188,106.3,Brown,[object Object],columbia.edu,103.72.86.183,[object Object],F8:04:9E:ED:C0:68,Estonian University of Life Sciences,[object Object],[object Object],18-7178563,667-98-5357,"Mozilla/5.0 (Windows NT 6.0) AppleWebKit/535.1 (KHTML, like Gecko) Chrome/13.0.782.1 Safari/535.1"
6,Alison,Reichert,Franecki,21,female,jtreleven5@nhs.uk,+351 527 735 3642,jtreleven5,zY1nE46Zm,1969-07-21,https://robohash.org/laboriosamfacilisrem.png,A+,149,105.7,Amber,[object Object],bandcamp.com,49.201.206.36,[object Object],6C:34:D0:4B:4E:81,Universidade da Beira Interior,[object Object],[object Object],78-3192791,158-68-0184,"Mozilla/5.0 (Windows; U; Windows NT 6.0; nb-NO) AppleWebKit/533.18.1 (KHTML, like Gecko) Version/5.0.2 Safari/533.18.5"
7,Oleta,Abbott,Wyman,31,female,dpettegre6@columbia.edu,+62 640 802 7111,dpettegre6,YVmhktgYVS,1982-02-21,https://robohash.org/cupiditatererumquos.png,B−,172,78.1,Blue,[object Object],ovh.net,25.207.107.146,[object Object],48:2D:A0:67:19:E0,Institut Sains dan Teknologi Al Kamal,[object Object],[object Object],29-1568401,478-11-2206,"Mozilla/5.0 (Windows; U; Windows NT 5.1; ru-RU) AppleWebKit/533.18.1 (KHTML, like Gecko) Version/5.0.2 Safari/533.18.5"
8,Ewell,Mueller,Durgan,29,male,ggude7@chron.com,+86 946 297 2275,ggude7,MWwlaeWcOoF6,1964-08-24,https://robohash.org/quiaharumsapiente.png,A−,146,52.1,Blue,[object Object],homestead.com,91.200.56.127,[object Object],72:DA:1B:D7:30:E9,Wenzhou Medical College,[object Object],[object Object],88-4396827,238-41-5528,"Mozilla/5.0 (X11; Linux amd64) AppleWebKit/534.36 (KHTML, like Gecko) Chrome/13.0.766.0 Safari/534.36"
9,Demetrius,Corkery,Gleason,22,male,nloiterton8@aol.com,+86 356 590 9727,nloiterton8,HTQxxXV9Bq4,1971-03-11,https://robohash.org/excepturiiuremolestiae.png,A+,170,97.1,Green,[object Object],goodreads.com,78.170.185.120,[object Object],98:EE:94:A2:91:C4,Nanjing University of Economics,[object Object],[object Object],14-1066382,717-26-3759,"Mozilla/5.0 (Macintosh; U; PPC Mac OS X 10_4_11; de) AppleWebKit/528.4+ (KHTML, like Gecko) Version/4.0dp1 Safari/526.11.2"
10,Eleanora,Price,Cummings,37,female,umcgourty9@jalbum.net,+60 184 408 0824,umcgourty9,i0xzpX,1958-08-11,https://robohash.org/aliquamcumqueiure.png,O+,198,48,Blue,[object Object],alibaba.com,73.15.179.178,[object Object],BC:A9:D8:98:CB:0B,Melaka City Polytechnic,[object Object],[object Object],21-5278484,544-66-0745,"Mozilla/5.0 (Macintosh; Intel Mac OS X 10_8_2) AppleWebKit/537.11 (KHTML, like Gecko) Chrome/23.0.1271.6 Safari/537.11"
11,Marcel,Jones,Smith,39,male,acharlota@liveinternet.ru,+967 253 210 0344,acharlota,M9lbMdydMN,1961-09-12,https://robohash.org/impeditautest.png,B−,203,63.7,Amber,[object Object],feedburner.com,137.235.164.173,[object Object],59:E8:70:5A:E5:D6,Hodeidah University,[object Object],[object Object],09-3791007,342-54-8422,"Mozilla/5.0 (Windows NT 5.2) AppleWebKit/535.1 (KHTML, like Gecko) Chrome/14.0.792.0 Safari/535.1"
12,Assunta,Rath,Heller,42,female,rhallawellb@dropbox.com,+380 962 542 6549,rhallawellb,esTkitT1r,1990-12-14,https://robohash.org/namquaerataut.png,O−,168,96.8,Gray,[object Object],123-reg.co.uk,74.80.53.208,[object Object],9B:DC:21:C2:30:A3,Kiev Slavonic University,[object Object],[object Object],14-1242349,116-51-6131,"Mozilla/5.0 (X11; CrOS i686 4319.74.0) AppleWebKit/537.36 (KHTML, like Gecko) Chrome/29.0.1547.57 Safari/537.36"
13,Trace,Douglas,Lemke,26,male,lgribbinc@posterous.com,+1 609 937 3468,lgribbinc,ftGj8LZTtv9g,1967-07-23,https://robohash.org/voluptatemsintnulla.png,O+,181,56.5,Amber,[object Object],histats.com,163.245.232.27,[object Object],B9:21:ED:9F:B8:9E,Dallas Christian College,[object Object],[object Object],94-0648182,217-05-3082,"Mozilla/5.0 (Windows; U; Windows NT 5.1; ru-RU) AppleWebKit/533.19.4 (KHTML, like Gecko) Version/5.0.3 Safari/533.19.4"
14,Enoch,Lynch,Heidenreich,21,male,mturleyd@tumblr.com,+94 912 100 5118,mturleyd,GyLnCB8gNIp,1979-08-25,https://robohash.org/quisequienim.png,O+,150,100.3,Green,[object Object],icio.us,174.238.43.126,[object Object],52:11:E1:31:35:C1,University of Sri Jayawardenapura,[object Object],[object Object],61-8316825,742-81-1714,"Mozilla/5.0 (Windows; U; Windows NT 5.0; en-en) AppleWebKit/533.16 (KHTML, like Gecko) Version/4.1 Safari/533.16"
15,Jeanne,Halvorson,Cummerata,26,female,kminchelle@qq.com,+86 581 108 7855,kminchelle,0lelplR,1996-02-02,https://robohash.org/autquiaut.png,A+,176,45.7,Amber,[object Object],google.co.uk,78.43.74.226,[object Object],D9:DB:D9:5A:01:09,"Donghua University, Shanghai",[object Object],[object Object],62-0561095,855-43-8639,"Mozilla/5.0 (X11; Linux i686) AppleWebKit/534.24 (KHTML, like Gecko) Chrome/11.0.696.14 Safari/534.24"
16,Trycia,Fadel,Rosenbaum,41,female,dpierrof@vimeo.com,+420 833 708 0340,dpierrof,Vru55Y4tufI4,1963-07-03,https://robohash.org/porronumquamid.png,B+,166,87.2,Gray,[object Object],tamu.edu,82.170.69.15,[object Object],3D:21:5B:9F:76:FF,Technical University of Mining and Metallurgy Ostrava,[object Object],[object Object],75-1816504,677-73-1525,"Mozilla/5.0 (Windows NT 5.1) AppleWebKit/535.2 (KHTML, like Gecko) Chrome/15.0.872.0 Safari/535.2"
17,Bradford,Prohaska,Bins,43,male,vcholdcroftg@ucoz.com,+420 874 628 3710,vcholdcroftg,mSPzYZfR,1975-10-20,https://robohash.org/accusantiumvoluptateseos.png,O−,199,94.3,Brown,[object Object],wix.com,75.75.234.243,[object Object],47:FA:F7:94:7B:5D,Technical University of Mining and Metallurgy Ostrava,[object Object],[object Object],92-8837697,795-36-7752,"Mozilla/5.0 (Windows NT 5.2) AppleWebKit/535.1 (KHTML, like Gecko) Chrome/14.0.813.0 Safari/535.1"
18,Arely,Skiles,Monahan,42,male,sberminghamh@chron.com,+55 886 766 8617,sberminghamh,cAjfb8vg,1958-02-05,https://robohash.org/nihilharumqui.png,AB−,192,97,Amber,[object Object],seesaa.net,29.82.54.30,[object Object],61:0C:8F:92:48:D5,Universidade Estadual do Ceará,[object Object],[object Object],55-4062919,551-74-1349,Mozilla/5.0 (Windows NT 5.1; rv:31.0) Gecko/20100101 Firefox/31.0
19,Gust,Purdy,Abshire,46,male,bleveragei@so-net.ne.jp,+86 886 889 0258,bleveragei,UZGAiqPqWQHQ,1989-10-15,https://robohash.org/delenitipraesentiumvoluptatum.png,A−,167,65.3,Amber,[object Object],homestead.com,90.202.216.39,[object Object],22:98:8D:97:2D:AE,Xinjiang University,[object Object],[object Object],53-7190545,809-93-2422,"Mozilla/5.0 (X11; Linux x86_64) AppleWebKit/534.24 (KHTML, like Gecko) Chrome/11.0.696.3 Safari/534.24"
20,Lenna,Renner,Schumm,41,female,aeatockj@psu.edu,+1 904 601 7177,aeatockj,szWAG6hc,1980-01-19,https://robohash.org/ipsumutofficiis.png,O−,175,68,Green,[object Object],sourceforge.net,59.43.194.22,[object Object],ED:64:AE:91:49:C9,Moraine Valley Community College,[object Object],[object Object],88-6715551,389-03-0381,"Mozilla/5.0 (X11; Linux i686) AppleWebKit/534.24 (KHTML, like Gecko) Ubuntu/10.10 Chromium/12.0.702.0 Chrome/12.0.702.0 Safari/534.24"
21,Doyle,Ernser,Feeney,23,male,ckensleyk@pen.io,+86 634 419 6839,ckensleyk,tq7kPXyf,1983-01-22,https://robohash.org/providenttemporadelectus.png,A−,173,69.9,Brown,[object Object],free.fr,87.213.156.73,[object Object],E2:5A:A5:85:9B:6D,Nanjing University of Traditional Chinese Medicine,[object Object],[object Object],23-4116115,562-46-9709,"Mozilla/5.0 (Windows NT 6.2) AppleWebKit/536.3 (KHTML, like Gecko) Chrome/19.0.1061.0 Safari/536.3"
22,Tressa,Weber,Williamson,41,female,froachel@howstuffworks.com,+34 517 104 6248,froachel,rfVSKImC,1987-11-11,https://robohash.org/temporarecusandaeest.png,B−,164,87.1,Green,[object Object],indiatimes.com,71.57.235.192,[object Object],A4:8B:56:BC:ED:98,Universitat Rámon Llull,[object Object],[object Object],78-2846180,155-87-0243,"Mozilla/5.0 (Macintosh; U; PPC Mac OS X 10_4_11; de-de) AppleWebKit/533.16 (KHTML, like Gecko) Version/4.1 Safari/533.16"
23,Felicity,O'Reilly,Rosenbaum,46,female,beykelhofm@wikispaces.com,+63 919 564 1690,beykelhofm,zQwaHTHbuZyr,1967-10-05,https://robohash.org/odioquivero.png,O−,151,96.7,Brown,[object Object],tamu.edu,141.14.53.176,[object Object],4D:AB:8D:9A:E5:02,University of lloilo,[object Object],[object Object],92-4814248,441-72-1229,"Mozilla/5.0 (Windows NT 5.1) AppleWebKit/535.2 (KHTML, like Gecko) Chrome/15.0.872.0 Safari/535.2"
24,Jocelyn,Schuster,Dooley,19,male,brickeardn@fema.gov,+7 968 462 1292,brickeardn,bMQnPttV,1966-06-02,https://robohash.org/odiomolestiaealias.png,O+,166,93.3,Brown,[object Object],pen.io,116.92.198.102,[object Object],AF:AA:20:8E:CA:CD,Bashkir State Medical University,[object Object],[object Object],77-6259466,291-72-5526,"Mozilla/5.0 (Macintosh; U; Intel Mac OS X 10_6_7; ja-jp) AppleWebKit/533.20.25 (KHTML, like Gecko) Version/5.0.4 Safari/533.20.27"
25,Edwina,Ernser,Kiehn,21,female,dfundello@amazon.co.jp,+86 376 986 8945,dfundello,k9zgV68UKw8m,2000-09-28,https://robohash.org/doloremautdolores.png,O+,180,102.1,Blue,[object Object],apple.com,48.30.193.203,[object Object],EC:59:D3:FC:65:92,Wuhan University of Technology,[object Object],[object Object],14-6307509,266-43-5297,"Mozilla/5.0 (Windows NT 6.1; WOW64) AppleWebKit/536.3 (KHTML, like Gecko) Chrome/19.0.1063.0 Safari/536.3"
26,Griffin,Braun,Deckow,35,male,lgronaverp@cornell.edu,+62 511 790 0161,lgronaverp,4a1dAKDv9KB9,1965-09-06,https://robohash.org/laboriosammollitiaut.png,O−,146,65.5,Blue,[object Object],foxnews.com,93.246.47.59,[object Object],34:06:26:95:37:D6,Universitas Bojonegoro,[object Object],[object Object],38-0997138,407-02-8915,"Mozilla/5.0 (iPad; CPU OS 6_0 like Mac OS X) AppleWebKit/536.26 (KHTML, like Gecko) Version/6.0 Mobile/10A5355d Safari/8536.25"
27,Piper,Schowalter,Wuckert,47,female,fokillq@amazon.co.jp,+60 785 960 7918,fokillq,xZnWSWnqH,1983-06-07,https://robohash.org/nequeodiosapiente.png,A−,197,71.5,Brown,[object Object],toplist.cz,100.159.51.104,[object Object],1F:42:5D:8C:66:3D,Sultanah Bahiyah Polytechnic,[object Object],[object Object],11-3129153,408-90-5986,"Mozilla/5.0 (Windows NT 5.1) AppleWebKit/537.36 (KHTML, like Gecko) Chrome/41.0.2224.3 Safari/537.36"
28,Kody,Terry,Larkin,28,male,xisherwoodr@ask.com,+81 859 545 8951,xisherwoodr,HLDqN5vCF,1979-01-09,https://robohash.org/consequunturabnon.png,B−,172,90.2,Blue,[object Object],elpais.com,51.102.180.216,[object Object],B4:B6:17:3C:41:E5,Science University of Tokyo,[object Object],[object Object],09-1129306,389-74-9456,Mozilla/6.0 (Macintosh; I; Intel Mac OS X 11_7_9; de-LI; rv:1.9b4) Gecko/2012010317 Firefox/10.0a4
29,Macy,Greenfelder,Koepp,45,female,jissetts@hostgator.com,+81 915 649 2384,jissetts,ePawWgrnZR8L,1976-09-07,https://robohash.org/amettemporeea.png,A−,166,93.7,Amber,[object Object],ibm.com,197.37.13.163,[object Object],D7:14:C5:45:69:C1,Fuji Women's College,[object Object],[object Object],31-6688179,391-33-1550,"Mozilla/5.0 (Macintosh; Intel Mac OS X 10_7_2) AppleWebKit/535.19 (KHTML, like Gecko) Chrome/18.0.1025.45 Safari/535.19"
30,Maurine,Stracke,Abshire,31,female,kdulyt@umich.edu,+48 143 590 6847,kdulyt,5t6q4KC7O,1964-12-18,https://robohash.org/perferendisideveniet.png,O−,170,107.2,Blue,[object Object],ow.ly,97.11.116.84,[object Object],42:87:72:A1:4D:9A,Poznan School of Banking,[object Object],[object Object],51-7727524,534-76-0952,"Mozilla/5.0 (X11; Linux i686) AppleWebKit/535.11 (KHTML, like Gecko) Chrome/17.0.963.66 Safari/535.11"